{
  "sentiment": {
    "total_return": {
      "mean": 0.19293362630208333,
      "std": 0.13721253109144918,
      "min": 0.02429453125000003,
      "max": 0.36038896484374994,
      "values": [
        0.02429453125000003,
        0.36038896484374994,
        0.19411738281250002
      ]
    },
    "sharpe": {
      "mean": 0.903267540873208,
      "std": 0.5409054593417117,
      "min": 0.23974101777281265,
      "max": 1.5646783244453792,
      "values": [
        0.23974101777281265,
        1.5646783244453792,
        0.9053832804014321
      ]
    },
    "max_drawdown": {
      "mean": -0.18410812959198783,
      "std": 0.020307174683353107,
      "min": -0.21247957590297195,
      "max": -0.16606652896210228,
      "values": [
        -0.21247957590297195,
        -0.17377828391088926,
        -0.16606652896210228
      ]
    }
  },
  "baseline": {
    "total_return": {
      "mean": 0.11598017578124997,
      "std": 0.17961270079303174,
      "min": -0.09016298828125002,
      "max": 0.34758124999999995,
      "values": [
        -0.09016298828125002,
        0.34758124999999995,
        0.09052226562499999
      ]
    },
    "sharpe": {
      "mean": 0.636786805529819,
      "std": 0.6377192995850652,
      "min": -0.09191558988190376,
      "max": 1.461326520895359,
      "values": [
        -0.09191558988190376,
        1.461326520895359,
        0.5409494855760018
      ]
    },
    "max_drawdown": {
      "mean": -0.20590606836270578,
      "std": 0.05545597091398995,
      "min": -0.2834620301391818,
      "max": -0.15703592914662265,
      "values": [
        -0.2834620301391818,
        -0.15703592914662265,
        -0.17722024580231294
      ]
    }
  },
  "buy_and_hold": {
    "total_return": {
      "mean": 0.16991119688075507,
      "std": 0.19098792432602987,
      "min": -0.09475174740315062,
      "max": 0.34893019733358166,
      "values": [
        -0.09475174740315062,
        0.34893019733358166,
        0.25555514071183416
      ]
    },
    "sharpe": {
      "mean": 0.8282411379643649,
      "std": 0.6747117756253624,
      "min": -0.10567955937264933,
      "max": 1.4646065295491113,
      "values": [
        -0.10567955937264933,
        1.4646065295491113,
        1.125796443716633
      ]
    },
    "max_drawdown": {
      "mean": -0.20218813418063142,
      "std": 0.05758745597078592,
      "min": -0.28346202943730764,
      "max": -0.15703586927264104,
      "values": [
        -0.28346202943730764,
        -0.15703586927264104,
        -0.16606650383194554
      ]
    }
  },
  "sentiment_win_rate": 1.0,
  "n_folds": 3
}